{"data":{"MT2015":[12.844751,77.663232,"IIITB"],"MT2015039":[12.9715987,77.5945627,"Shreyas Dawkhare"],"MT2015027":[17.4706196,78.3655564,"Anvita Vyas"]}}