{"data":{"MT2015":[12.844751,77.663232,"IIITB"],"MT2015039":[18.4920774,73.9485305,"Shreyas Dawkhare"],"MT2015027":[17.4706196,78.3655564,"Anvita Vyas"],"MT2015046":[12.9521424,77.7128187,"Mahendra Garodi"],"MT2015059":[13.017847,77.6651186,"Kush baronj"],"MT2015004":[12.980720757671717,77.63588371552763,"Aditi"],"MT2015020":[29.2273337,79.5271286,"Ankur Gupta"],"MT2015026":[30.3239845,78.0140089,"Anushree Joshi"],"MT2015041":[30.4207665,76.7175985,"Dhanesh Kothari"],"MT2015064":[22.3654213,82.7401129,"Meenal Shukla"],"MT2015103":[23.178333,72.574498,"shah antriksh"],"MT2015075":[12.8488728,77.6736442,"Peeyush Joshi"],"MT2015069":[23.2026295,77.0792678,"Palash Vijayvergiya"],"MT2015050":[22.7546829,75.874623,"hitesh agrawal"],"MT2015024":[12.9134484,77.6259916,"Anurag Sharma"],"MT2015072":[12.9636566,77.6423367,"Pankaj kumar"],"MT2015115":[12.9523097,77.6439364,"Surbhi Bakhtiyar"],"MT2015511":[12.851678900000001,77.65932819999999,"Nabil Karimi"],"MT2015097":[12.985771370907637,77.59674871293475,"Sanat Jain"],"MT2015110":[18.6030137,73.7161686,"Soumyadip Saha"],"MT2015105":[29.9309647,78.1266632,"Shishir"],"MT2015013":[12.940710399999999,77.7036955,"anish"],"MT2015099":[12.9144779,77.6232951,"Sandhya rankireddy"],"MT2015091":[12.939249764578088,77.69593686309186,"Ritika Dhami"],"MT2015012":[29.0421984,77.7055503,"Aniket Kumar"]}}